<?xml version="1.0" encoding="UTF-8"?>
<persistence xmlns="http://java.sun.com/xml/ns/persistence" version="2.0">

    <persistence-unit name="defaultPersistenceUnit" transaction-type="RESOURCE_LOCAL">
        <provider>org.hibernate.jpa.HibernatePersistenceProvider</provider>
        <properties>
            <!-- Orcal Dialect -->
            <property name="hibernate.dialect" value="org.hibernate.dialect.Oracle10gDialect"/>
            <!-- Oracal DB Connection -->
            <property name="hibernate.connection.url" value="jdbc:oracle:thin:@//localhost:1521/orcl"/>
            <property name="hibernate.connection.driver_class" value="oracle.jdbc.driver.OracleDriver"/>
            <property name="hibernate.connection.username" value="sparknet"/>
            <property name="hibernate.connection.password" value="Abcd1234"/>
            <property name="hibernate.archive.autodetection" value="class"/>
            <property name="hibernate.show_sql" value="true"/>
            <property name="hibernate.format_sql" value="true"/>
            <property name="hibernate.use_sql_comments" value="false"/>

            <property name="hibernate.connection.useUnicode" value="true"/>
            <property name="hibernate.connection.characterEncoding" value="UTF-8"/>

            <property name="hbm2ddl.auto" value="update"/>

            <property name="hibernate.connection.autoReconnect" value="true"/>
            <property name="connection.autoReconnectForPools" value="true"/>
            <property name="connection.is-connection-validation-required" value="true"/>
        </properties>
    </persistence-unit>
</persistence>
